{
  "title": "OpenABF",
  "description": "A single-header C++ library of angle-based flattening algorithms.",
  "upload_type": "software",
  "license": "other-open",
  "creators": [
    {
      "orcid": "0000-0002-3887-1237",
      "affiliation": "University of Kentucky",
      "name": "Parker, C. Seth"
    }
  ],
  "keywords" : [
    "c-plus-plus",
    "parameterization",
    "flattening",
    "angle-based flattening"
  ],
  "related_identifiers": [
    {
      "scheme": "url",
      "identifier": "https://gitlab.com/educelab/OpenABF/",
      "relation": "isSupplementTo"
    },
    {
      "scheme": "url",
      "identifier": "https://github.com/educelab/OpenABF/",
      "relation": "isSupplementTo"
    }
  ]
}